Model,Accuracy,Precision,Recall,F1-Score,ROC-AUC,CV Score
Logistic Regression,0.8097560975609757,0.7619047619047619,0.9142857142857143,0.8311688311688312,0.9298095238095239,0.8439024390243903
Random Forest,1.0,1.0,1.0,1.0,1.0,0.9817073170731707
Decision Tree,0.8731707317073171,0.8623853211009175,0.8952380952380953,0.8785046728971962,0.9326190476190477,0.9097560975609756
SVM,0.926829268292683,0.9166666666666666,0.9428571428571428,0.9295774647887324,0.9771428571428571,0.9121951219512194
